{
  "type": "minecraft:chest",
  "pools": [
    {
      "rolls": 1,
      "bonus_rolls": 0,
      "entries": [
        {
          "type": "minecraft:item",
          "functions": [
            {
              "function": "minecraft:exploration_map",
              "decoration": "mansion",
              "destination": "dungeon_heroes:first_pillager_structure",
              "zoom": 5,
              "search_radius": 100,
              "skip_existing_chunks": false
            },
            {
              "function": "minecraft:set_components",
              "components": {
                "minecraft:map_color": 5973037,
                "minecraft:item_name": "{'translate': 'item.dnt.filled_map.pillager_outpost', 'fallback': 'Pillager Outpost Map', 'italic': false}"
              }
            }
          ],
          "name": "minecraft:map"
        }
      ]
    }
  ]
}